Representation,Classifier,TN,FP,FN,TP,Accuracy,Sensitivity,Specificity,BalancedAccuracy,F1,AUROC,AUPRC,Brier
Direct,LDA,9,4,3,14,0.766666666666667,0.823529411764706,0.692307692307692,0.757918552036199,0.8,0.787330316742081,0.778869857554979,0.175998762361376
Direct,Ridge logistic,9,4,3,14,0.766666666666667,0.823529411764706,0.692307692307692,0.757918552036199,0.8,0.791855203619909,0.781811034025567,0.178219065162228
Direct,Linear SVM,8,5,3,14,0.733333333333333,0.823529411764706,0.615384615384615,0.719457013574661,0.777777777777778,0.782805429864253,0.770042116668414,0.182760529715466
Direct,RBF SVM,10,3,8,9,0.633333333333333,0.529411764705882,0.769230769230769,0.649321266968326,0.620689655172414,0.705882352941176,0.785170594429633,0.232027386194985
FFT1D,LDA,10,3,5,12,0.733333333333333,0.705882352941177,0.769230769230769,0.737556561085973,0.75,0.823529411764706,0.805691228478517,0.193084275622202
FFT1D,Ridge logistic,9,4,5,12,0.7,0.705882352941177,0.692307692307692,0.699095022624434,0.727272727272727,0.846153846153846,0.828721792685552,0.172581355111021
FFT1D,Linear SVM,10,3,5,12,0.733333333333333,0.705882352941177,0.769230769230769,0.737556561085973,0.75,0.841628959276018,0.824606804444266,0.174478778704776
FFT1D,RBF SVM,9,4,9,8,0.566666666666667,0.470588235294118,0.692307692307692,0.581447963800905,0.551724137931034,0.583710407239819,0.718079064275819,0.308485597337659
FFT2D_16x16,LDA,9,4,5,12,0.7,0.705882352941177,0.692307692307692,0.699095022624434,0.727272727272727,0.855203619909502,0.851270812293395,0.166043341999882
FFT2D_16x16,Ridge logistic,9,4,5,12,0.7,0.705882352941177,0.692307692307692,0.699095022624434,0.727272727272727,0.855203619909502,0.851270812293395,0.163977724924806
FFT2D_16x16,Linear SVM,9,4,4,13,0.733333333333333,0.764705882352941,0.692307692307692,0.728506787330317,0.764705882352941,0.809954751131222,0.790728576751159,0.16820837578771
FFT2D_16x16,RBF SVM,4,9,2,15,0.633333333333333,0.882352941176471,0.307692307692308,0.595022624434389,0.731707317073171,0.665158371040724,0.672539557931563,0.276602453627662
FFT2D_8x32,LDA,8,5,4,13,0.7,0.764705882352941,0.615384615384615,0.690045248868778,0.742857142857143,0.773755656108597,0.740110972820862,0.185798557622271
FFT2D_8x32,Ridge logistic,8,5,4,13,0.7,0.764705882352941,0.615384615384615,0.690045248868778,0.742857142857143,0.760180995475113,0.726187048245872,0.187943116903011
FFT2D_8x32,Linear SVM,11,2,6,11,0.733333333333333,0.647058823529412,0.846153846153846,0.746606334841629,0.733333333333333,0.778280542986425,0.770589875844522,0.213250283053086
FFT2D_8x32,RBF SVM,6,7,6,11,0.566666666666667,0.647058823529412,0.461538461538462,0.554298642533937,0.628571428571429,0.570135746606335,0.714917838793271,0.313264162019224
FFT2D_32x8,LDA,9,4,6,11,0.666666666666667,0.647058823529412,0.692307692307692,0.669683257918552,0.6875,0.782805429864253,0.806390401428329,0.192866545764338
FFT2D_32x8,Ridge logistic,9,4,4,13,0.733333333333333,0.764705882352941,0.692307692307692,0.728506787330317,0.764705882352941,0.787330316742081,0.818383843143133,0.186747795247888
FFT2D_32x8,Linear SVM,10,3,8,9,0.633333333333333,0.529411764705882,0.769230769230769,0.649321266968326,0.620689655172414,0.787330316742081,0.811036811687877,0.209825188188101
FFT2D_32x8,RBF SVM,9,4,7,10,0.633333333333333,0.588235294117647,0.692307692307692,0.64027149321267,0.645161290322581,0.656108597285068,0.769007556571495,0.251674313369839
FFT2D_16x16_0255,LDA,9,4,3,14,0.766666666666667,0.823529411764706,0.692307692307692,0.757918552036199,0.8,0.823529411764706,0.787466159997694,0.163209395043712
FFT2D_16x16_0255,Ridge logistic,9,4,1,16,0.833333333333333,0.941176470588235,0.692307692307692,0.816742081447964,0.864864864864865,0.819004524886878,0.777107074638609,0.163631478622755
FFT2D_16x16_0255,Linear SVM,9,4,2,15,0.8,0.882352941176471,0.692307692307692,0.787330316742081,0.833333333333333,0.791855203619909,0.758585719608302,0.163314100156102
FFT2D_16x16_0255,RBF SVM,2,11,2,15,0.566666666666667,0.882352941176471,0.153846153846154,0.518099547511312,0.697674418604651,0.619909502262443,0.705920624496476,0.334035803531827
