Representation,Repeat,BalancedAccuracy,AUROC,AUPRC,Brier
Direct,1,0.669871794871795,0.756903353057199,0.614397186065593,0.203461038646067
Direct,2,0.647435897435897,0.747781065088758,0.642453375000224,0.203782097260778
Direct,3,0.657051282051282,0.764299802761341,0.64630375661437,0.198775626568155
Direct,4,0.682692307692308,0.752218934911243,0.653101412270757,0.201970030026927
Direct,5,0.653846153846154,0.747534516765286,0.613757425852489,0.205856282532754
Direct,6,0.644230769230769,0.751479289940828,0.63050567566376,0.205224756425487
Direct,7,0.692307692307692,0.759615384615385,0.651620518370008,0.197567412624873
Direct,8,0.663461538461539,0.775394477317554,0.657647889004027,0.193902525601811
Direct,9,0.644230769230769,0.704881656804734,0.573582293966412,0.227457258985998
Direct,10,0.66025641025641,0.736193293885602,0.59014809188234,0.213156956269292
Direct,11,0.66025641025641,0.738905325443787,0.635294166766098,0.208039791984217
Direct,12,0.663461538461539,0.758136094674556,0.611851261376633,0.201562596491368
Direct,13,0.673076923076923,0.73939842209073,0.606033858945745,0.209870358604863
Direct,14,0.657051282051282,0.77120315581854,0.642223632651586,0.195902154174831
Direct,15,0.689102564102564,0.765039447731755,0.634976122371896,0.199377405222275
Direct,16,0.637820512820513,0.736932938856016,0.637234977389072,0.206560108683982
Direct,17,0.657051282051282,0.744822485207101,0.626528142688022,0.209120629477127
Direct,18,0.666666666666667,0.77292899408284,0.655153598383787,0.194049173862451
Direct,19,0.673076923076923,0.773175542406312,0.673901554630573,0.192204539215124
Direct,20,0.666666666666667,0.766765285996055,0.654068735755788,0.194659031445804
Direct,21,0.666666666666667,0.76060157790927,0.65786084989237,0.198522973533887
Direct,22,0.66025641025641,0.758382642998028,0.6686724092011,0.198976643915972
Direct,23,0.666666666666667,0.71474358974359,0.591274308795957,0.220955355036417
Direct,24,0.647435897435897,0.724358974358974,0.62132871907195,0.214147974931579
Direct,25,0.644230769230769,0.745808678500986,0.640394230624096,0.205264921741792
Direct,26,0.676282051282051,0.768491124260355,0.651438541559658,0.196386681316412
Direct,27,0.67948717948718,0.724605522682446,0.614440645523328,0.211292468625118
Direct,28,0.663461538461539,0.753698224852071,0.626312996327253,0.20162817276626
Direct,29,0.673076923076923,0.765285996055227,0.644560302782257,0.195411329081499
Direct,30,0.676282051282051,0.748520710059172,0.62929031882266,0.203174158753843
Direct,31,0.641025641025641,0.749013806706114,0.640359993966247,0.20685086691169
Direct,32,0.682692307692308,0.764792899408284,0.666577254208693,0.197731504508837
Direct,33,0.666666666666667,0.737919132149901,0.616250662550074,0.210529652611003
Direct,34,0.682692307692308,0.758136094674556,0.640124841849361,0.199996150131582
Direct,35,0.682692307692308,0.767751479289941,0.65087388109059,0.197165079234586
Direct,36,0.689102564102564,0.767011834319527,0.63793402001365,0.194663151008185
Direct,37,0.711538461538462,0.749753451676529,0.651857522121728,0.200742368940241
Direct,38,0.650641025641026,0.74112426035503,0.621180153317654,0.210215687691793
Direct,39,0.673076923076923,0.765039447731755,0.662431732951834,0.19561202792608
Direct,40,0.673076923076923,0.757642998027613,0.62740806547338,0.200978785320873
Direct,41,0.71474358974359,0.745315581854043,0.622993914003386,0.205257791997514
Direct,42,0.676282051282051,0.750739644970414,0.648449616587445,0.202436202806573
Direct,43,0.663461538461538,0.758629191321499,0.635591966868135,0.198965372969914
Direct,44,0.653846153846154,0.73939842209073,0.641613432281267,0.208422116797986
Direct,45,0.657051282051282,0.745808678500986,0.629591353973035,0.209267967625276
Direct,46,0.650641025641026,0.765532544378698,0.63475934782241,0.199489986375073
Direct,47,0.682692307692308,0.728550295857988,0.608590936216693,0.215907994982651
Direct,48,0.676282051282051,0.763313609467456,0.615649873631849,0.198907295214758
Direct,49,0.625,0.747781065088758,0.65072176637831,0.204795469928819
Direct,50,0.650641025641026,0.72879684418146,0.590250279906975,0.216387657586488
FFT1D,1,0.657051282051282,0.742110453648915,0.640765903742952,0.20636387383743
FFT1D,2,0.644230769230769,0.715729783037475,0.606635535740095,0.221175471693793
FFT1D,3,0.621794871794872,0.716222879684418,0.595857798500617,0.222852637880009
FFT1D,4,0.583333333333333,0.659516765285996,0.565783675394941,0.245996361176823
FFT1D,5,0.625,0.686143984220907,0.562901321673877,0.232531082372031
FFT1D,6,0.653846153846154,0.725838264299803,0.618816434389785,0.213352913555077
FFT1D,7,0.653846153846154,0.743096646942801,0.640033133075836,0.206192116808603
FFT1D,8,0.647435897435897,0.720907297830375,0.616316399772795,0.218504697917929
FFT1D,9,0.644230769230769,0.706854043392505,0.606465864579929,0.224994309187152
FFT1D,10,0.621794871794872,0.706114398422091,0.590507352871682,0.223444691450028
FFT1D,11,0.644230769230769,0.718441814595661,0.606061779807263,0.218380823947472
FFT1D,12,0.615384615384615,0.678007889546351,0.570959584614701,0.24032758463677
FFT1D,13,0.621794871794872,0.692061143984221,0.596905960322857,0.228951493711069
FFT1D,14,0.634615384615385,0.727810650887574,0.629540726552373,0.211062662221403
FFT1D,15,0.637820512820513,0.723126232741617,0.596479832224537,0.215237221689008
FFT1D,16,0.663461538461539,0.743343195266272,0.630986775953129,0.20635577148842
FFT1D,17,0.612179487179487,0.698717948717949,0.585772852085117,0.229112408180082
FFT1D,18,0.628205128205128,0.716469428007889,0.60419100515313,0.219451023707831
FFT1D,19,0.66025641025641,0.730522682445759,0.611974900791271,0.211662088747697
FFT1D,20,0.653846153846154,0.731508875739645,0.629338408393891,0.210714126534484
FFT1D,21,0.628205128205128,0.705128205128205,0.590076271881485,0.223585844514502
FFT1D,22,0.631410256410256,0.710305719921104,0.61316943331045,0.218173346411301
FFT1D,23,0.621794871794872,0.69896449704142,0.604156014776719,0.22509191019376
FFT1D,24,0.621794871794872,0.689595660749507,0.592845006699751,0.228865425707812
FFT1D,25,0.615384615384615,0.701923076923077,0.57336718559495,0.227552025689982
FFT1D,26,0.625,0.715483234714004,0.624639514684493,0.217390387286995
FFT1D,27,0.612179487179487,0.709812623274162,0.590145467203952,0.224150510559166
FFT1D,28,0.663461538461539,0.711538461538462,0.577551116273135,0.224282467540947
FFT1D,29,0.58974358974359,0.648915187376726,0.509472086779314,0.255379991326493
FFT1D,30,0.580128205128205,0.67258382642998,0.5696521191451,0.242966876042272
FFT1D,31,0.625,0.705374753451676,0.610393445264504,0.224960926793252
FFT1D,32,0.634615384615385,0.699704142011834,0.574099088821364,0.22503721177519
FFT1D,33,0.618589743589744,0.729043392504931,0.639754691065948,0.210668555994446
FFT1D,34,0.602564102564103,0.705128205128205,0.61951242829483,0.223527182968709
FFT1D,35,0.621794871794872,0.721646942800789,0.595505486589103,0.218260103250845
FFT1D,36,0.628205128205128,0.675295857988166,0.561770785567814,0.241289758531884
FFT1D,37,0.618589743589744,0.692800788954635,0.582708468467721,0.230480665483704
FFT1D,38,0.58974358974359,0.69181459566075,0.584264136874656,0.229483013682592
FFT1D,39,0.647435897435897,0.733727810650888,0.637041163766254,0.208327700600943
FFT1D,40,0.628205128205128,0.715976331360947,0.600227158389739,0.218738720359918
FFT1D,41,0.628205128205128,0.721153846153846,0.61959238958225,0.218159037009562
FFT1D,42,0.631410256410256,0.71474358974359,0.593792432144943,0.218636360993552
FFT1D,43,0.666666666666667,0.736193293885602,0.607003749467374,0.210387643050158
FFT1D,44,0.644230769230769,0.71301775147929,0.612224747260291,0.222275741464743
FFT1D,45,0.618589743589744,0.728550295857988,0.610658959028924,0.213588867344314
FFT1D,46,0.628205128205128,0.706607495069034,0.605081113697262,0.22448075164699
FFT1D,47,0.57051282051282,0.674556213017751,0.561881718203521,0.238986654599612
FFT1D,48,0.628205128205128,0.691568047337278,0.580055565705211,0.229569642536539
FFT1D,49,0.605769230769231,0.719428007889546,0.61745622632975,0.218098874183734
FFT1D,50,0.586538461538462,0.681706114398422,0.568027421958397,0.234805235163268
FFT2D_16x16,1,0.637820512820513,0.700936883629191,0.650855532585817,0.220128086984575
FFT2D_16x16,2,0.631410256410256,0.70956607495069,0.636305842807721,0.215082652235069
FFT2D_16x16,3,0.612179487179487,0.678500986193294,0.582914259407843,0.232768898780815
FFT2D_16x16,4,0.653846153846154,0.710552268244576,0.606892198714883,0.218748120508671
FFT2D_16x16,5,0.650641025641026,0.707840236686391,0.615347606594845,0.223191610090873
FFT2D_16x16,6,0.650641025641026,0.72534516765286,0.649920117031967,0.208372119533212
FFT2D_16x16,7,0.628205128205128,0.700936883629191,0.617349520055364,0.226151190658403
FFT2D_16x16,8,0.653846153846154,0.718688362919132,0.621881023210787,0.212152865988999
FFT2D_16x16,9,0.641025641025641,0.696499013806706,0.595878592590037,0.222026382196426
FFT2D_16x16,10,0.676282051282051,0.695266272189349,0.609548907632159,0.220280808977269
FFT2D_16x16,11,0.612179487179487,0.687623274161736,0.61534407635708,0.224526834253131
FFT2D_16x16,12,0.66025641025641,0.713264299802761,0.616372501635765,0.221322970342918
FFT2D_16x16,13,0.596153846153846,0.690581854043392,0.60514866747822,0.227305890984312
FFT2D_16x16,14,0.637820512820513,0.702169625246548,0.63102679599759,0.218557432881221
FFT2D_16x16,15,0.573717948717949,0.657297830374753,0.57852435952503,0.247075771860956
FFT2D_16x16,16,0.66025641025641,0.732741617357002,0.625490754714112,0.212141278880506
FFT2D_16x16,17,0.631410256410256,0.675049309664694,0.561736804069254,0.233966416547595
FFT2D_16x16,18,0.618589743589744,0.666666666666667,0.564909576168904,0.239363405634868
FFT2D_16x16,19,0.647435897435897,0.72707100591716,0.662175393141013,0.206502321747112
FFT2D_16x16,20,0.653846153846154,0.706607495069034,0.61219037883954,0.217664690965024
FFT2D_16x16,21,0.657051282051282,0.722633136094675,0.649575878280278,0.206225236629228
FFT2D_16x16,22,0.641025641025641,0.724605522682446,0.619758223367708,0.210254258674422
FFT2D_16x16,23,0.66025641025641,0.737179487179487,0.648968802734997,0.203320880405489
FFT2D_16x16,24,0.586538461538461,0.663214990138067,0.572499264641692,0.24626576448537
FFT2D_16x16,25,0.628205128205128,0.703155818540434,0.624700807632152,0.21755964163377
FFT2D_16x16,26,0.612179487179487,0.685650887573965,0.59587185069461,0.226063431908501
FFT2D_16x16,27,0.628205128205128,0.712771203155819,0.630018526709676,0.217902453446908
FFT2D_16x16,28,0.653846153846154,0.693293885601578,0.632423635669368,0.222559258518396
FFT2D_16x16,29,0.615384615384615,0.692061143984221,0.630198860998083,0.220891866403802
FFT2D_16x16,30,0.615384615384615,0.715976331360947,0.629013545510534,0.211584367304109
FFT2D_16x16,31,0.647435897435897,0.715236686390533,0.645737435228022,0.2093119611451
FFT2D_16x16,32,0.653846153846154,0.70956607495069,0.622864190420165,0.216158085536552
FFT2D_16x16,33,0.634615384615385,0.699457593688363,0.611077330259843,0.219353091602723
FFT2D_16x16,34,0.618589743589744,0.717455621301775,0.63648044134569,0.218758144258296
FFT2D_16x16,35,0.657051282051282,0.704388560157791,0.654929018223416,0.21602653290231
FFT2D_16x16,36,0.625,0.683925049309665,0.595167232063482,0.2321477139579
FFT2D_16x16,37,0.628205128205128,0.699950690335306,0.6269043749485,0.218807800455381
FFT2D_16x16,38,0.66025641025641,0.733481262327416,0.627804677470421,0.207643904479629
FFT2D_16x16,39,0.689102564102564,0.735453648915187,0.682776546145147,0.202046891260786
FFT2D_16x16,40,0.641025641025641,0.747534516765286,0.674155967063067,0.200218917153594
FFT2D_16x16,41,0.583333333333333,0.688609467455621,0.624172070917265,0.224479446120664
FFT2D_16x16,42,0.650641025641026,0.72534516765286,0.654223709892674,0.209965456399172
FFT2D_16x16,43,0.66025641025641,0.724112426035503,0.657070456437044,0.209135159575818
FFT2D_16x16,44,0.618589743589744,0.69181459566075,0.62216004237166,0.220046694205373
FFT2D_16x16,45,0.641025641025641,0.716469428007889,0.630747736251336,0.213381151248785
FFT2D_16x16,46,0.650641025641026,0.706360946745562,0.612747435316438,0.220804452078086
FFT2D_16x16,47,0.641025641025641,0.704388560157791,0.61488660347404,0.219278017346706
FFT2D_16x16,48,0.625,0.68663708086785,0.612101890950536,0.228712153247807
FFT2D_16x16,49,0.608974358974359,0.732248520710059,0.649056315814717,0.209255182890922
FFT2D_16x16,50,0.618589743589744,0.685650887573964,0.588886463468017,0.228734392697855
FFT2D_8x32,1,0.615384615384615,0.722140039447732,0.635036242110944,0.215421691443761
FFT2D_8x32,2,0.631410256410256,0.747287968441815,0.647668724948166,0.20824613131177
FFT2D_8x32,3,0.625,0.72707100591716,0.619708216192661,0.215245441066103
FFT2D_8x32,4,0.663461538461539,0.738165680473373,0.628291213062526,0.209573202034345
FFT2D_8x32,5,0.615384615384615,0.732495069033531,0.606505734058265,0.220357837402194
FFT2D_8x32,6,0.631410256410256,0.747781065088757,0.662191705260211,0.205273400204507
FFT2D_8x32,7,0.615384615384615,0.707100591715976,0.562875870541335,0.233294527833236
FFT2D_8x32,8,0.669871794871795,0.746301775147929,0.655155373995946,0.203213969241635
FFT2D_8x32,9,0.628205128205128,0.75887573964497,0.669068126110033,0.204135672665467
FFT2D_8x32,10,0.628205128205128,0.755670611439842,0.665358185002227,0.206207216654227
FFT2D_8x32,11,0.653846153846154,0.74112426035503,0.641540141029764,0.211178255273628
FFT2D_8x32,12,0.631410256410256,0.708826429980276,0.595805414161308,0.21925289752053
FFT2D_8x32,13,0.66025641025641,0.749506903353057,0.648929622929874,0.203969066239925
FFT2D_8x32,14,0.631410256410256,0.713757396449704,0.631427394819631,0.218830082627956
FFT2D_8x32,15,0.628205128205128,0.707347140039448,0.594422425236754,0.23016729681721
FFT2D_8x32,16,0.650641025641026,0.73939842209073,0.653321846758845,0.206362996564605
FFT2D_8x32,17,0.653846153846154,0.686883629191321,0.603223792333887,0.233091426146262
FFT2D_8x32,18,0.641025641025641,0.735700197238659,0.608714808307256,0.213169925017524
FFT2D_8x32,19,0.631410256410256,0.69723865877712,0.594613942836696,0.227946032420777
FFT2D_8x32,20,0.69551282051282,0.724358974358974,0.656699544444316,0.216524707124048
FFT2D_8x32,21,0.628205128205128,0.72534516765286,0.617582707086032,0.216228647067549
FFT2D_8x32,22,0.618589743589744,0.701183431952663,0.591949681810654,0.23121331585874
FFT2D_8x32,23,0.653846153846154,0.732495069033531,0.658207292360073,0.20851799244157
FFT2D_8x32,24,0.653846153846154,0.718688362919132,0.649288258920616,0.215650896834364
FFT2D_8x32,25,0.663461538461539,0.740138067061144,0.641056719176901,0.212915983555441
FFT2D_8x32,26,0.618589743589744,0.709812623274162,0.632044026341207,0.219387159812176
FFT2D_8x32,27,0.580128205128205,0.659763313609467,0.576351510144105,0.249116498705291
FFT2D_8x32,28,0.650641025641026,0.742110453648915,0.651538758899805,0.205833565374501
FFT2D_8x32,29,0.605769230769231,0.729536489151874,0.595063424099124,0.219142199855175
FFT2D_8x32,30,0.599358974358974,0.745315581854043,0.646497076703303,0.206054049175327
FFT2D_8x32,31,0.657051282051282,0.719674556213018,0.656146348206728,0.215564995223204
FFT2D_8x32,32,0.653846153846154,0.767011834319527,0.657279559767737,0.201370621003508
FFT2D_8x32,33,0.689102564102564,0.760108481262328,0.66207192101661,0.197224418330798
FFT2D_8x32,34,0.641025641025641,0.757642998027613,0.647657942713033,0.202639586028971
FFT2D_8x32,35,0.657051282051282,0.740384615384615,0.649753270360863,0.208622988543243
FFT2D_8x32,36,0.673076923076923,0.728303747534517,0.62386278655402,0.211119508619354
FFT2D_8x32,37,0.631410256410256,0.716222879684418,0.630823998726178,0.221815246250318
FFT2D_8x32,38,0.692307692307692,0.752712031558185,0.633725349577213,0.207225302624736
FFT2D_8x32,39,0.631410256410256,0.697731755424063,0.605433200667,0.232250191470389
FFT2D_8x32,40,0.615384615384615,0.696005917159763,0.608269061505571,0.22937620010522
FFT2D_8x32,41,0.689102564102564,0.730769230769231,0.654312980968655,0.207407903688475
FFT2D_8x32,42,0.599358974358974,0.735453648915187,0.640994272131901,0.209714366242122
FFT2D_8x32,43,0.631410256410256,0.716469428007889,0.630083080272407,0.218117242715741
FFT2D_8x32,44,0.653846153846154,0.715236686390532,0.593587974324352,0.218831552999773
FFT2D_8x32,45,0.618589743589744,0.736439842209073,0.625252800455428,0.214122494342254
FFT2D_8x32,46,0.608974358974359,0.701183431952663,0.616999403145206,0.226634854844505
FFT2D_8x32,47,0.66025641025641,0.738658777120316,0.637916691911831,0.209676041274259
FFT2D_8x32,48,0.596153846153846,0.66198224852071,0.522899465996831,0.251932834909821
FFT2D_8x32,49,0.618589743589744,0.720907297830375,0.631001195346916,0.217847392117662
FFT2D_8x32,50,0.625,0.704388560157791,0.630249976971373,0.226091105166024
FFT2D_32x8,1,0.618589743589744,0.701183431952663,0.595055173680512,0.218777093813745
FFT2D_32x8,2,0.592948717948718,0.624506903353057,0.553520247767927,0.259932729572646
FFT2D_32x8,3,0.631410256410256,0.707593688362919,0.596655354511781,0.21993428709488
FFT2D_32x8,4,0.625,0.684418145956607,0.589630441023549,0.223618331400515
FFT2D_32x8,5,0.557692307692308,0.607495069033531,0.486734330229667,0.265082321006481
FFT2D_32x8,6,0.560897435897436,0.637080867850099,0.536811152959979,0.246353583873776
FFT2D_32x8,7,0.605769230769231,0.678747534516765,0.576272560815247,0.232195763470663
FFT2D_32x8,8,0.557692307692308,0.631656804733728,0.542596333971873,0.247820654766808
FFT2D_32x8,9,0.625,0.668885601577909,0.561601909869469,0.233980910000312
FFT2D_32x8,10,0.58974358974359,0.682938856015779,0.58155708589506,0.228290250268716
FFT2D_32x8,11,0.586538461538461,0.656558185404339,0.522832480115234,0.240961287004233
FFT2D_32x8,12,0.631410256410256,0.676282051282051,0.574546940554977,0.228277370964984
FFT2D_32x8,13,0.612179487179487,0.670364891518738,0.542696185821451,0.236478318999511
FFT2D_32x8,14,0.573717948717949,0.627958579881657,0.505568141151232,0.259182107818138
FFT2D_32x8,15,0.631410256410256,0.655325443786982,0.520461537924861,0.246765867923016
FFT2D_32x8,16,0.634615384615385,0.691074950690335,0.558242534346243,0.225638178681493
FFT2D_32x8,17,0.58974358974359,0.666173570019724,0.55120305451258,0.237764408113204
FFT2D_32x8,18,0.618589743589744,0.697978303747535,0.607034460625693,0.220739669213166
FFT2D_32x8,19,0.605769230769231,0.693293885601578,0.591210825328931,0.220963410655652
FFT2D_32x8,20,0.586538461538462,0.661735700197239,0.57150399467101,0.230207933323961
FFT2D_32x8,21,0.612179487179487,0.69896449704142,0.595350039451745,0.221473498344473
FFT2D_32x8,22,0.634615384615385,0.700443786982249,0.599801189488644,0.217325249596113
FFT2D_32x8,23,0.580128205128205,0.63560157790927,0.513007724158985,0.253727605251745
FFT2D_32x8,24,0.605769230769231,0.664694280078896,0.542012903150077,0.240158570506752
FFT2D_32x8,25,0.551282051282051,0.63732741617357,0.536760085919747,0.244351439782813
FFT2D_32x8,26,0.592948717948718,0.640532544378698,0.528422006178286,0.243248924852805
FFT2D_32x8,27,0.634615384615385,0.681706114398422,0.598026697523835,0.222614798698412
FFT2D_32x8,28,0.548076923076923,0.624013806706114,0.510031240264194,0.254770268912686
FFT2D_32x8,29,0.612179487179487,0.691321499013807,0.60877052769683,0.222372636551574
FFT2D_32x8,30,0.567307692307692,0.655078895463511,0.54040137649189,0.243215729888232
FFT2D_32x8,31,0.641025641025641,0.674802761341223,0.592767406191823,0.227590675932472
FFT2D_32x8,32,0.631410256410256,0.699704142011834,0.595876811675165,0.219140814795875
FFT2D_32x8,33,0.615384615384615,0.661242603550296,0.545914235939985,0.236443162042358
FFT2D_32x8,34,0.618589743589744,0.681459566074951,0.561370364851746,0.227519763416231
FFT2D_32x8,35,0.592948717948718,0.680226824457594,0.583790654004898,0.229459351212648
FFT2D_32x8,36,0.596153846153846,0.681706114398422,0.583202394200215,0.227690013315306
FFT2D_32x8,37,0.615384615384615,0.668392504930967,0.586330783298471,0.231490795170894
FFT2D_32x8,38,0.631410256410256,0.690581854043392,0.58620760572126,0.223959713736548
FFT2D_32x8,39,0.599358974358974,0.678500986193294,0.561880416032755,0.23067371809145
FFT2D_32x8,40,0.618589743589744,0.676775147928994,0.595280722067729,0.224484849902264
FFT2D_32x8,41,0.621794871794872,0.663461538461538,0.576023903149632,0.234401770810157
FFT2D_32x8,42,0.576923076923077,0.662968441814596,0.567517600023103,0.242767273536301
FFT2D_32x8,43,0.641025641025641,0.696992110453649,0.574992546518353,0.222738856284461
FFT2D_32x8,44,0.612179487179487,0.698717948717949,0.586406090533966,0.223504172426177
FFT2D_32x8,45,0.605769230769231,0.64620315581854,0.567704529141469,0.2411527505091
FFT2D_32x8,46,0.615384615384615,0.670364891518738,0.540717908033703,0.234444486831399
FFT2D_32x8,47,0.615384615384615,0.680719921104536,0.584673464796845,0.224904430821489
FFT2D_32x8,48,0.599358974358974,0.690581854043393,0.595103040127501,0.22152750107464
FFT2D_32x8,49,0.634615384615385,0.676775147928994,0.552291216511159,0.232265975809941
FFT2D_32x8,50,0.641025641025641,0.696992110453649,0.594991154253187,0.222338812329319
FFT2D_16x16_0255,1,0.634615384615385,0.684418145956608,0.590115393991614,0.234648127996066
FFT2D_16x16_0255,2,0.644230769230769,0.724852071005917,0.633513634625253,0.213551075194205
FFT2D_16x16_0255,3,0.592948717948718,0.669132149901381,0.584941612404286,0.239097544679446
FFT2D_16x16_0255,4,0.657051282051282,0.740138067061144,0.662169551774246,0.20623500328921
FFT2D_16x16_0255,5,0.653846153846154,0.711785009861933,0.60433305428168,0.221265005226763
FFT2D_16x16_0255,6,0.625,0.724852071005917,0.601907902027126,0.215817776789782
FFT2D_16x16_0255,7,0.637820512820513,0.732495069033531,0.601633209235111,0.218288386995946
FFT2D_16x16_0255,8,0.644230769230769,0.718195266272189,0.628778850081348,0.21428314904548
FFT2D_16x16_0255,9,0.634615384615385,0.744575936883629,0.637673967257794,0.20449054218036
FFT2D_16x16_0255,10,0.653846153846154,0.731755424063116,0.623229998863748,0.211014398351827
FFT2D_16x16_0255,11,0.608974358974359,0.69896449704142,0.610327000619223,0.228769600592656
FFT2D_16x16_0255,12,0.605769230769231,0.709072978303747,0.61367119310551,0.223459963191392
FFT2D_16x16_0255,13,0.634615384615385,0.668392504930966,0.560994439220753,0.237801858539422
FFT2D_16x16_0255,14,0.615384615384615,0.678007889546351,0.558355070929546,0.243513576517359
FFT2D_16x16_0255,15,0.586538461538462,0.678747534516765,0.578960836665031,0.237333638431142
FFT2D_16x16_0255,16,0.621794871794872,0.708826429980276,0.576141049857036,0.229546646188334
FFT2D_16x16_0255,17,0.605769230769231,0.695019723865878,0.564669217595968,0.231559605970666
FFT2D_16x16_0255,18,0.602564102564103,0.723865877712032,0.601322756882001,0.221727193821959
FFT2D_16x16_0255,19,0.653846153846154,0.724852071005917,0.621396067833973,0.212704276456957
FFT2D_16x16_0255,20,0.618589743589744,0.676775147928994,0.555787400027759,0.237029686198282
FFT2D_16x16_0255,21,0.628205128205128,0.699457593688363,0.617899696415473,0.225358770406211
FFT2D_16x16_0255,22,0.637820512820513,0.688856015779093,0.577901453156807,0.234007221320109
FFT2D_16x16_0255,23,0.676282051282051,0.715729783037475,0.592472427868657,0.223819345005555
FFT2D_16x16_0255,24,0.608974358974359,0.696745562130177,0.593239124204063,0.234957730472324
FFT2D_16x16_0255,25,0.647435897435897,0.703648915187377,0.585002529295947,0.224375000146327
FFT2D_16x16_0255,26,0.628205128205128,0.69181459566075,0.601731550606301,0.229964342144784
FFT2D_16x16_0255,27,0.615384615384615,0.683678500986193,0.58819816810554,0.231276395352025
FFT2D_16x16_0255,28,0.612179487179487,0.666913214990138,0.576514780238382,0.238492120095584
FFT2D_16x16_0255,29,0.641025641025641,0.733974358974359,0.628901918882905,0.214353470115817
FFT2D_16x16_0255,30,0.644230769230769,0.720414201183432,0.611466407439073,0.214170611529439
FFT2D_16x16_0255,31,0.663461538461539,0.686390532544379,0.578729522780983,0.228447391572982
FFT2D_16x16_0255,32,0.628205128205128,0.728057199211045,0.625930793309934,0.214818249490838
FFT2D_16x16_0255,33,0.602564102564103,0.692800788954635,0.594838715382397,0.226115361129862
FFT2D_16x16_0255,34,0.66025641025641,0.724358974358974,0.61202109020283,0.214108644787151
FFT2D_16x16_0255,35,0.641025641025641,0.733234714003945,0.624783588916054,0.210812155412849
FFT2D_16x16_0255,36,0.647435897435897,0.709072978303747,0.60621729676037,0.219749414228195
FFT2D_16x16_0255,37,0.634615384615385,0.743096646942801,0.630872374062387,0.210974989775919
FFT2D_16x16_0255,38,0.631410256410256,0.706360946745562,0.609632744291599,0.222094111498887
FFT2D_16x16_0255,39,0.564102564102564,0.683431952662722,0.55035793789634,0.240916205541612
FFT2D_16x16_0255,40,0.602564102564103,0.679240631163708,0.570615700848704,0.239485189164458
FFT2D_16x16_0255,41,0.599358974358974,0.709319526627219,0.599451989472265,0.224703053614242
FFT2D_16x16_0255,42,0.608974358974359,0.682199211045365,0.564997996957778,0.239548589697634
FFT2D_16x16_0255,43,0.615384615384615,0.71474358974359,0.621024284636035,0.221305302994689
FFT2D_16x16_0255,44,0.618589743589744,0.694280078895464,0.582328893234434,0.228639301928424
FFT2D_16x16_0255,45,0.608974358974359,0.706607495069033,0.591653858030699,0.221675569598247
FFT2D_16x16_0255,46,0.637820512820513,0.741617357001972,0.649870195716178,0.208090777193967
FFT2D_16x16_0255,47,0.625,0.747781065088758,0.656079661851126,0.205822155149126
FFT2D_16x16_0255,48,0.605769230769231,0.673816568047337,0.573213213120414,0.236568610762939
FFT2D_16x16_0255,49,0.583333333333333,0.688856015779093,0.584383495022965,0.232735495057041
FFT2D_16x16_0255,50,0.641025641025641,0.717702169625247,0.622616755666309,0.216832925290998
