PatientID,Reference,Direct_Probability,Direct_Prediction,FFT1D_Probability,FFT1D_Prediction,FFT2D_16x16_Probability,FFT2D_16x16_Prediction,FFT2D_8x32_Probability,FFT2D_8x32_Prediction,FFT2D_32x8_Probability,FFT2D_32x8_Prediction,FFT2D_16x16_0255_Probability,FFT2D_16x16_0255_Prediction,FFT2D_16x16_unique_Probability,FFT2D_16x16_unique_Prediction
P436,0,0.530132305046144,1,0.272756861393698,0,0.319459857466601,0,0.520875560878923,1,0.281915999151765,0,0.342685271754988,0,0.397622636269339,0
P437,1,0.545311273958428,1,0.195717521856276,0,0.388972650201932,0,0.229070695500993,0,0.115840551018607,0,0.364914719037691,0,0.383591480031892,0
P438,0,0.172955654216307,0,0.17553387702425,0,0.0864407697463911,0,0.19438785147885,0,0.358212008487435,0,0.115745656827234,0,0.0765197341279889,0
P439,0,0.338863321965908,0,0.253124021739286,0,0.270878451950583,0,0.506751183921592,1,0.698260763782333,1,0.249120817905757,0,0.289220576735417,0
P440,0,0.812563673744287,1,0.815054940822714,1,0.789007441784527,1,0.908872620611568,1,0.597900774364283,1,0.755220810334055,1,0.755992741023169,1
P441,0,0.604407758760479,1,0.876230937265876,1,0.544496467381977,1,0.88754697603816,1,0.599433317684988,1,0.616576789764387,1,0.548475396848592,1
P443,1,0.651522883737162,1,0.486891561271642,0,0.675405175813321,1,0.633285576722647,1,0.579409915482399,1,0.504968395655282,1,0.682540539065309,1
P448,0,0.0307631076401934,0,0.207111401327051,0,0.186789841940941,0,0.33408134406268,0,0.112946446755059,0,0.140824774198693,0,0.215973911705365,0
P551,1,0.142434862458345,0,0.183912234376377,0,0.375123727993517,0,0.171238101765825,0,0.430879759299562,0,0.603118383042881,1,0.355025293995721,0
P552,0,0.202623444258636,0,0.131528038933988,0,0.133367946419999,0,0.0706435187092882,0,0.424421529068276,0,0.123534217725439,0,0.125157915025676,0
P574,0,0.055894961417214,0,0.531865213561624,1,0.787616633873319,1,0.868396534677077,1,0.506184246561302,1,0.559086853649235,1,0.760272959953221,1
P575,0,0.11246151886625,0,0.369221777440138,0,0.70129337586991,1,0.816181827573326,1,0.584839539487193,1,0.495635215598286,0,0.659340687939014,1
P577,0,0.776682168579378,1,0.812742411279982,1,0.711467330123307,1,0.869598643989726,1,0.843138852424434,1,0.564969475106987,1,0.69624814222819,1
P626,0,0.970829867854979,1,0.831548916290397,1,0.96225518453559,1,0.998344452179965,1,0.785783463286043,1,0.92188590124875,1,0.948706460565164,1
P630,1,0.435008636562317,0,0.253689162875629,0,0.299815398604377,0,0.48254297246101,0,0.64402559154432,1,0.227077643383156,0,0.283614089850525,0
P631,1,0.838294793394069,1,0.619440279038988,1,0.276021772074639,0,0.503280556381413,1,0.651027199343494,1,0.288202338665688,0,0.322709060620894,0
P633,1,0.323389239936748,0,0.778389394782357,1,0.25298084321537,0,0.196786906639376,0,0.104025090096944,0,0.315352337925664,0,0.176498509020296,0
P636,1,0.968784077750514,1,0.829337457046607,1,0.297551931366717,0,0.611809937045513,1,0.883053516706181,1,0.261616977423883,0,0.228799690125549,0
P639,1,0.878833433984392,1,0.288664631158835,0,0.500795295907765,1,0.811014058865574,1,0.347900519655715,0,0.486966795861972,0,0.523889684995732,1
P679,0,0.735121134023954,1,0.787877212863675,1,0.645186052438146,1,0.945933038520551,1,0.557325102490787,1,0.432409711655116,0,0.652756307249015,1
P682,1,0.908479573371547,1,0.70674358844123,1,0.880886733194558,1,0.890772624180148,1,0.818268521325513,1,0.870318449115974,1,0.875488203110119,1
P699,0,0.996302637991124,1,0.978658278036737,1,0.981358362443125,1,0.996987379922614,1,0.901445770824973,1,0.981633704210386,1,0.980799087074318,1
P700,1,0.999010694379807,1,0.976432247851794,1,0.961251301457301,1,0.993273767937639,1,0.91717197927887,1,0.946857235993554,1,0.958494260117479,1
P701,1,0.964417609755333,1,0.9483053188805,1,0.987634264594307,1,0.992182459778254,1,0.932896327519021,1,0.985021270925855,1,0.986432112184329,1
P702,1,0.998698299538824,1,0.961071020260392,1,0.972151084344721,1,0.995099527554775,1,0.857149029134931,1,0.929285663497589,1,0.963332213524797,1
P704,1,0.980372702131686,1,0.955938743985656,1,0.984996493062589,1,0.990535444800882,1,0.944689697056178,1,0.975412322114276,1,0.98079645853228,1
P710,1,0.951957482546769,1,0.974061906674908,1,0.897584460236171,1,0.81678953452744,1,0.966385849055919,1,0.802365406161203,1,0.880594921462655,1
P711,1,0.814024135661481,1,0.967576247440123,1,0.754012832164649,1,0.941251006436241,1,0.723451304288787,1,0.800442650859273,1,0.722147750499169,1
P712,1,0.986008049936736,1,0.991931799200502,1,0.984457876613021,1,0.990908655840437,1,0.936195428256762,1,0.979254242124391,1,0.978079502338108,1
P713,1,0.899477498528683,1,0.95292448650879,1,0.741348931203654,1,0.874772927854432,1,0.662182968520296,1,0.761358310848575,1,0.664283987984616,1
