Representation,Label,SeedMember,BalancedAccuracy,AUROC,AUPRC,Brier
Direct,Direct spectrum + PCA,1,0.710407239819004,0.746606334841629,0.77580598335074,0.210780201333444
Direct,Direct spectrum + PCA,2,0.701357466063348,0.710407239819005,0.723724649567531,0.221728949345398
Direct,Direct spectrum + PCA,3,0.680995475113122,0.791855203619909,0.833909320442739,0.202796657788753
Direct,Direct spectrum + PCA,4,0.680995475113122,0.733031674208145,0.769449325698781,0.216540064449813
Direct,Direct spectrum + PCA,5,0.680995475113122,0.791855203619909,0.833909320442739,0.20279333363249
Direct,Direct spectrum + PCA,6,0.680995475113122,0.728506787330317,0.766452310744948,0.235458367860642
Direct,Direct spectrum + PCA,7,0.710407239819004,0.746606334841629,0.77580598335074,0.210795815291361
Direct,Direct spectrum + PCA,8,0.701357466063348,0.710407239819005,0.73250244646862,0.233696664694585
Direct,Direct spectrum + PCA,9,0.710407239819004,0.746606334841629,0.77580598335074,0.210786852247611
Direct,Direct spectrum + PCA,10,0.701357466063348,0.710407239819005,0.723724649567531,0.221729617318408
Direct,Direct spectrum + PCA,11,0.710407239819004,0.746606334841629,0.77580598335074,0.210793730379738
Direct,Direct spectrum + PCA,12,0.680995475113122,0.791855203619909,0.833909320442739,0.202798029993955
Direct,Direct spectrum + PCA,13,0.642533936651584,0.710407239819005,0.768128913009785,0.221589055576272
Direct,Direct spectrum + PCA,14,0.680995475113122,0.728506787330317,0.766452310744948,0.235458584972618
Direct,Direct spectrum + PCA,15,0.680995475113122,0.791855203619909,0.833909320442739,0.202795825919248
Direct,Direct spectrum + PCA,16,0.680995475113122,0.791855203619909,0.833909320442739,0.20279533502117
Direct,Direct spectrum + PCA,17,0.680995475113122,0.791855203619909,0.833909320442739,0.202793553444071
Direct,Direct spectrum + PCA,18,0.701357466063348,0.710407239819005,0.723724649567531,0.221729978983727
Direct,Direct spectrum + PCA,19,0.701357466063348,0.710407239819005,0.73250244646862,0.233697258270627
Direct,Direct spectrum + PCA,20,0.680995475113122,0.728506787330317,0.766452310744948,0.235491670959052
Direct,Direct spectrum + PCA,21,0.680995475113122,0.728506787330317,0.766452310744948,0.23545825593593
Direct,Direct spectrum + PCA,22,0.680995475113122,0.728506787330317,0.766452310744948,0.235459419364819
Direct,Direct spectrum + PCA,23,0.680995475113122,0.791855203619909,0.833909320442739,0.20279570068028
Direct,Direct spectrum + PCA,24,0.680995475113122,0.791855203619909,0.833909320442739,0.20279404752348
Direct,Direct spectrum + PCA,25,0.680995475113122,0.728506787330317,0.766452310744948,0.2354542190153
FFT1D,1D-FFT magnitude + PCA,1,0.687782805429864,0.791855203619909,0.854122232555736,0.238222555908746
FFT1D,1D-FFT magnitude + PCA,2,0.746606334841629,0.800904977375566,0.862631488999775,0.217599918237551
FFT1D,1D-FFT magnitude + PCA,3,0.746606334841629,0.850678733031674,0.886634019575196,0.191849954790054
FFT1D,1D-FFT magnitude + PCA,4,0.746606334841629,0.823529411764706,0.859254283332459,0.226669746837555
FFT1D,1D-FFT magnitude + PCA,5,0.746606334841629,0.819004524886878,0.856740748931151,0.2029940199912
FFT1D,1D-FFT magnitude + PCA,6,0.746606334841629,0.832579185520362,0.793234063130257,0.197847288220237
FFT1D,1D-FFT magnitude + PCA,7,0.805429864253394,0.83710407239819,0.874057643836056,0.189635810810001
FFT1D,1D-FFT magnitude + PCA,8,0.717194570135747,0.832579185520362,0.795231134686152,0.207764718396596
FFT1D,1D-FFT magnitude + PCA,9,0.805429864253394,0.841628959276018,0.860913384961828,0.177373807593598
FFT1D,1D-FFT magnitude + PCA,10,0.794117647058824,0.855203619909502,0.911789875370438,0.209385846298503
FFT1D,1D-FFT magnitude + PCA,11,0.746606334841629,0.823529411764706,0.859254283332459,0.226669003442197
FFT1D,1D-FFT magnitude + PCA,12,0.785067873303168,0.819004524886878,0.887879166756876,0.217098206370513
FFT1D,1D-FFT magnitude + PCA,13,0.794117647058824,0.904977375565611,0.934571203166751,0.215563701933333
FFT1D,1D-FFT magnitude + PCA,14,0.823529411764706,0.846153846153846,0.9031432965343,0.192696659426998
FFT1D,1D-FFT magnitude + PCA,15,0.805429864253394,0.832579185520362,0.86833868958769,0.189497450043302
FFT1D,1D-FFT magnitude + PCA,16,0.805429864253394,0.769230769230769,0.784036799351201,0.190654345633534
FFT1D,1D-FFT magnitude + PCA,17,0.69683257918552,0.846153846153846,0.896125328919447,0.201584963894449
FFT1D,1D-FFT magnitude + PCA,18,0.726244343891403,0.832579185520362,0.843550213318926,0.232796313251371
FFT1D,1D-FFT magnitude + PCA,19,0.717194570135747,0.81447963800905,0.852165293890528,0.233503157678086
FFT1D,1D-FFT magnitude + PCA,20,0.649321266968326,0.728506787330317,0.808648442499903,0.26333678043258
FFT1D,1D-FFT magnitude + PCA,21,0.805429864253394,0.83710407239819,0.874057643836056,0.189635208615858
FFT1D,1D-FFT magnitude + PCA,22,0.805429864253394,0.83710407239819,0.874057643836056,0.189640924207476
FFT1D,1D-FFT magnitude + PCA,23,0.766968325791855,0.83710407239819,0.873386020870541,0.189427397886499
FFT1D,1D-FFT magnitude + PCA,24,0.69683257918552,0.850678733031674,0.884213024829033,0.231298390676131
FFT1D,1D-FFT magnitude + PCA,25,0.619909502262443,0.778280542986425,0.830354926291459,0.247365638358525
FFT2D_16x16,2D-FFT 16x16 magnitude + PCA,1,0.785067873303168,0.778280542986425,0.802161914082329,0.226364404746981
FFT2D_16x16,2D-FFT 16x16 magnitude + PCA,2,0.746606334841629,0.773755656108597,0.794120855612981,0.247292886318792
FFT2D_16x16,2D-FFT 16x16 magnitude + PCA,3,0.776018099547511,0.805429864253394,0.811593593514009,0.2015451173768
FFT2D_16x16,2D-FFT 16x16 magnitude + PCA,4,0.708144796380091,0.796380090497738,0.823009751686222,0.222179892640676
FFT2D_16x16,2D-FFT 16x16 magnitude + PCA,5,0.776018099547511,0.796380090497738,0.811141345754349,0.231250187223206
FFT2D_16x16,2D-FFT 16x16 magnitude + PCA,6,0.678733031674208,0.742081447963801,0.746352128753582,0.242300010632484
FFT2D_16x16,2D-FFT 16x16 magnitude + PCA,7,0.708144796380091,0.769230769230769,0.800283886481894,0.222611331250208
FFT2D_16x16,2D-FFT 16x16 magnitude + PCA,8,0.746606334841629,0.773755656108597,0.794120855612981,0.247293030838103
FFT2D_16x16,2D-FFT 16x16 magnitude + PCA,9,0.708144796380091,0.791855203619909,0.807246372107964,0.21674842604351
FFT2D_16x16,2D-FFT 16x16 magnitude + PCA,10,0.708144796380091,0.760180995475113,0.78988598373105,0.262720449354636
FFT2D_16x16,2D-FFT 16x16 magnitude + PCA,11,0.737556561085973,0.81447963800905,0.783412561102872,0.210078259167439
FFT2D_16x16,2D-FFT 16x16 magnitude + PCA,12,0.746606334841629,0.787330316742081,0.804605117105117,0.22303514226853
FFT2D_16x16,2D-FFT 16x16 magnitude + PCA,13,0.746606334841629,0.809954751131222,0.812370267820095,0.213834306414222
FFT2D_16x16,2D-FFT 16x16 magnitude + PCA,14,0.746606334841629,0.787330316742081,0.822263847263847,0.227589048281751
FFT2D_16x16,2D-FFT 16x16 magnitude + PCA,15,0.728506787330317,0.787330316742081,0.752802707268652,0.182478383676194
FFT2D_16x16,2D-FFT 16x16 magnitude + PCA,16,0.746606334841629,0.773755656108597,0.797332759748531,0.226270137850286
FFT2D_16x16,2D-FFT 16x16 magnitude + PCA,17,0.785067873303168,0.778280542986425,0.802161914082329,0.226364234172852
FFT2D_16x16,2D-FFT 16x16 magnitude + PCA,18,0.746606334841629,0.809954751131222,0.812370267820095,0.213931889889268
FFT2D_16x16,2D-FFT 16x16 magnitude + PCA,19,0.746606334841629,0.773755656108597,0.794120855612981,0.247295660449041
FFT2D_16x16,2D-FFT 16x16 magnitude + PCA,20,0.708144796380091,0.751131221719457,0.74790376574264,0.245635792058926
FFT2D_16x16,2D-FFT 16x16 magnitude + PCA,21,0.776018099547511,0.800904977375566,0.814188332771152,0.219677016954196
FFT2D_16x16,2D-FFT 16x16 magnitude + PCA,22,0.678733031674208,0.832579185520362,0.832969200786202,0.236436909984466
FFT2D_16x16,2D-FFT 16x16 magnitude + PCA,23,0.746606334841629,0.773755656108597,0.794120855612981,0.24729640818357
FFT2D_16x16,2D-FFT 16x16 magnitude + PCA,24,0.746606334841629,0.787330316742081,0.802019911632915,0.241232812774408
FFT2D_16x16,2D-FFT 16x16 magnitude + PCA,25,0.746606334841629,0.809954751131222,0.812370267820095,0.21362984035427
FFT2D_8x32,2D-FFT 8x32 magnitude + PCA,1,0.622171945701357,0.647058823529412,0.680094986712634,0.298180216123763
FFT2D_8x32,2D-FFT 8x32 magnitude + PCA,2,0.613122171945701,0.687782805429864,0.754085846704018,0.276017820892811
FFT2D_8x32,2D-FFT 8x32 magnitude + PCA,3,0.613122171945701,0.687782805429864,0.754085846704018,0.276026833199214
FFT2D_8x32,2D-FFT 8x32 magnitude + PCA,4,0.65158371040724,0.692307692307692,0.774326795748213,0.263294029782726
FFT2D_8x32,2D-FFT 8x32 magnitude + PCA,5,0.536199095022624,0.597285067873303,0.694769703344157,0.347301963807118
FFT2D_8x32,2D-FFT 8x32 magnitude + PCA,6,0.65158371040724,0.705882352941177,0.781961892227122,0.26573416887271
FFT2D_8x32,2D-FFT 8x32 magnitude + PCA,7,0.64027149321267,0.751131221719457,0.801582325720257,0.2311735402179
FFT2D_8x32,2D-FFT 8x32 magnitude + PCA,8,0.574660633484163,0.665158371040724,0.742031184903131,0.304711062421141
FFT2D_8x32,2D-FFT 8x32 magnitude + PCA,9,0.65158371040724,0.701357466063348,0.77694117483318,0.263057733225232
FFT2D_8x32,2D-FFT 8x32 magnitude + PCA,10,0.613122171945701,0.687782805429864,0.754085846704018,0.276010828262039
FFT2D_8x32,2D-FFT 8x32 magnitude + PCA,11,0.65158371040724,0.69683257918552,0.773385906572029,0.263214057712832
FFT2D_8x32,2D-FFT 8x32 magnitude + PCA,12,0.613122171945701,0.683257918552036,0.745543031875212,0.239255820067595
FFT2D_8x32,2D-FFT 8x32 magnitude + PCA,13,0.613122171945701,0.69683257918552,0.758916984525504,0.275419972197108
FFT2D_8x32,2D-FFT 8x32 magnitude + PCA,14,0.613122171945701,0.687782805429864,0.754085846704018,0.276033078450798
FFT2D_8x32,2D-FFT 8x32 magnitude + PCA,15,0.690045248868778,0.742081447963801,0.80272642733943,0.227253248697783
FFT2D_8x32,2D-FFT 8x32 magnitude + PCA,16,0.574660633484163,0.647058823529412,0.735766583857254,0.314499540981594
FFT2D_8x32,2D-FFT 8x32 magnitude + PCA,17,0.65158371040724,0.69683257918552,0.773385906572029,0.263028086347045
FFT2D_8x32,2D-FFT 8x32 magnitude + PCA,18,0.622171945701357,0.656108597285068,0.748256912187231,0.296497989483984
FFT2D_8x32,2D-FFT 8x32 magnitude + PCA,19,0.65158371040724,0.701357466063348,0.77694117483318,0.261790542411571
FFT2D_8x32,2D-FFT 8x32 magnitude + PCA,20,0.613122171945701,0.687782805429864,0.754085846704018,0.276018250050886
FFT2D_8x32,2D-FFT 8x32 magnitude + PCA,21,0.642533936651584,0.638009049773756,0.742703963563097,0.304996950875127
FFT2D_8x32,2D-FFT 8x32 magnitude + PCA,22,0.613122171945701,0.624434389140271,0.668592524572765,0.296628028556653
FFT2D_8x32,2D-FFT 8x32 magnitude + PCA,23,0.536199095022624,0.583710407239819,0.674474246408289,0.357224413856809
FFT2D_8x32,2D-FFT 8x32 magnitude + PCA,24,0.65158371040724,0.69683257918552,0.773385906572029,0.262752119163687
FFT2D_8x32,2D-FFT 8x32 magnitude + PCA,25,0.669683257918552,0.714932126696833,0.696048029484562,0.241220260034519
FFT2D_32x8,2D-FFT 32x8 magnitude + PCA,1,0.699095022624434,0.819004524886878,0.877994915503566,0.203862957809375
FFT2D_32x8,2D-FFT 32x8 magnitude + PCA,2,0.710407239819004,0.805429864253394,0.874594115894425,0.217254836878525
FFT2D_32x8,2D-FFT 32x8 magnitude + PCA,3,0.65158371040724,0.733031674208145,0.756688799331444,0.248716548713961
FFT2D_32x8,2D-FFT 32x8 magnitude + PCA,4,0.642533936651584,0.764705882352941,0.750415192224655,0.249680860099318
FFT2D_32x8,2D-FFT 32x8 magnitude + PCA,5,0.680995475113122,0.687782805429864,0.677964767110642,0.248627755792017
FFT2D_32x8,2D-FFT 32x8 magnitude + PCA,6,0.642533936651584,0.764705882352941,0.750415192224655,0.249679602102027
FFT2D_32x8,2D-FFT 32x8 magnitude + PCA,7,0.583710407239819,0.669683257918552,0.75306251594783,0.285969568339914
FFT2D_32x8,2D-FFT 32x8 magnitude + PCA,8,0.65158371040724,0.746606334841629,0.82498067260178,0.239272934601365
FFT2D_32x8,2D-FFT 32x8 magnitude + PCA,9,0.642533936651584,0.683257918552036,0.771419424750912,0.270006514804272
FFT2D_32x8,2D-FFT 32x8 magnitude + PCA,10,0.613122171945701,0.701357466063348,0.746002720140651,0.242850440316617
FFT2D_32x8,2D-FFT 32x8 magnitude + PCA,11,0.642533936651584,0.764705882352941,0.750415192224655,0.249678359681701
FFT2D_32x8,2D-FFT 32x8 magnitude + PCA,12,0.642533936651584,0.764705882352941,0.750415192224655,0.249677631738655
FFT2D_32x8,2D-FFT 32x8 magnitude + PCA,13,0.690045248868778,0.81447963800905,0.854403085936504,0.207452763964314
FFT2D_32x8,2D-FFT 32x8 magnitude + PCA,14,0.613122171945701,0.737556561085973,0.728377738137028,0.260662221667057
FFT2D_32x8,2D-FFT 32x8 magnitude + PCA,15,0.642533936651584,0.764705882352941,0.750415192224655,0.249688315851342
FFT2D_32x8,2D-FFT 32x8 magnitude + PCA,16,0.622171945701357,0.723981900452489,0.819208895679484,0.247821385379119
FFT2D_32x8,2D-FFT 32x8 magnitude + PCA,17,0.65158371040724,0.69683257918552,0.692610708805985,0.263422511521496
FFT2D_32x8,2D-FFT 32x8 magnitude + PCA,18,0.642533936651584,0.764705882352941,0.750415192224655,0.249683222990711
FFT2D_32x8,2D-FFT 32x8 magnitude + PCA,19,0.642533936651584,0.755656108597285,0.843159406222727,0.256317427118391
FFT2D_32x8,2D-FFT 32x8 magnitude + PCA,20,0.642533936651584,0.678733031674208,0.767141349884602,0.270098349128281
FFT2D_32x8,2D-FFT 32x8 magnitude + PCA,21,0.574660633484163,0.669683257918552,0.776148762371673,0.30844062190389
FFT2D_32x8,2D-FFT 32x8 magnitude + PCA,22,0.642533936651584,0.764705882352941,0.750415192224655,0.249711809390753
FFT2D_32x8,2D-FFT 32x8 magnitude + PCA,23,0.642533936651584,0.764705882352941,0.750415192224655,0.249675505278998
FFT2D_32x8,2D-FFT 32x8 magnitude + PCA,24,0.728506787330317,0.819004524886878,0.871089017226016,0.198791698017779
FFT2D_32x8,2D-FFT 32x8 magnitude + PCA,25,0.65158371040724,0.69683257918552,0.692610708805985,0.263429284074334
FFT2D_16x16_0255,2D-FFT 16x16 magnitude + PCA with 0-255 scaling,1,0.739819004524887,0.733031674208145,0.782701009478127,0.203192099108357
FFT2D_16x16_0255,2D-FFT 16x16 magnitude + PCA with 0-255 scaling,2,0.730769230769231,0.823529411764706,0.843353566140855,0.198798642906085
FFT2D_16x16_0255,2D-FFT 16x16 magnitude + PCA with 0-255 scaling,3,0.730769230769231,0.823529411764706,0.843353566140855,0.19880161127181
FFT2D_16x16_0255,2D-FFT 16x16 magnitude + PCA with 0-255 scaling,4,0.554298642533937,0.678733031674208,0.751746130807916,0.297870720779087
FFT2D_16x16_0255,2D-FFT 16x16 magnitude + PCA with 0-255 scaling,5,0.680995475113122,0.692307692307692,0.771836030007835,0.263332895671902
FFT2D_16x16_0255,2D-FFT 16x16 magnitude + PCA with 0-255 scaling,6,0.692307692307692,0.787330316742081,0.817835336520457,0.217204975735524
FFT2D_16x16_0255,2D-FFT 16x16 magnitude + PCA with 0-255 scaling,7,0.624434389140271,0.69683257918552,0.761986878482666,0.271902091035849
FFT2D_16x16_0255,2D-FFT 16x16 magnitude + PCA with 0-255 scaling,8,0.547511312217195,0.656108597285068,0.73245711914149,0.301210768117135
FFT2D_16x16_0255,2D-FFT 16x16 magnitude + PCA with 0-255 scaling,9,0.653846153846154,0.760180995475113,0.801650689613403,0.234170286805173
FFT2D_16x16_0255,2D-FFT 16x16 magnitude + PCA with 0-255 scaling,10,0.730769230769231,0.760180995475113,0.808684659246943,0.211735820936528
FFT2D_16x16_0255,2D-FFT 16x16 magnitude + PCA with 0-255 scaling,11,0.653846153846154,0.755656108597285,0.799984022946737,0.236377412110149
FFT2D_16x16_0255,2D-FFT 16x16 magnitude + PCA with 0-255 scaling,12,0.730769230769231,0.760180995475113,0.808684659246943,0.21201616158625
FFT2D_16x16_0255,2D-FFT 16x16 magnitude + PCA with 0-255 scaling,13,0.730769230769231,0.823529411764706,0.843353566140855,0.198797362436467
FFT2D_16x16_0255,2D-FFT 16x16 magnitude + PCA with 0-255 scaling,14,0.642533936651584,0.719457013574661,0.775631122689946,0.249610620649683
FFT2D_16x16_0255,2D-FFT 16x16 magnitude + PCA with 0-255 scaling,15,0.554298642533937,0.678733031674208,0.751746130807916,0.29725096054162
FFT2D_16x16_0255,2D-FFT 16x16 magnitude + PCA with 0-255 scaling,16,0.730769230769231,0.823529411764706,0.843353566140855,0.19878989983441
FFT2D_16x16_0255,2D-FFT 16x16 magnitude + PCA with 0-255 scaling,17,0.730769230769231,0.823529411764706,0.843353566140855,0.198795091812089
FFT2D_16x16_0255,2D-FFT 16x16 magnitude + PCA with 0-255 scaling,18,0.730769230769231,0.823529411764706,0.843353566140855,0.198796901954371
FFT2D_16x16_0255,2D-FFT 16x16 magnitude + PCA with 0-255 scaling,19,0.633484162895928,0.619909502262443,0.702358455397222,0.31373181733665
FFT2D_16x16_0255,2D-FFT 16x16 magnitude + PCA with 0-255 scaling,20,0.730769230769231,0.823529411764706,0.843353566140855,0.198794806280905
FFT2D_16x16_0255,2D-FFT 16x16 magnitude + PCA with 0-255 scaling,21,0.730769230769231,0.823529411764706,0.843353566140855,0.198795019901661
FFT2D_16x16_0255,2D-FFT 16x16 magnitude + PCA with 0-255 scaling,22,0.730769230769231,0.823529411764706,0.843353566140855,0.198798150687049
FFT2D_16x16_0255,2D-FFT 16x16 magnitude + PCA with 0-255 scaling,23,0.730769230769231,0.755656108597285,0.805290994088572,0.211277703034468
FFT2D_16x16_0255,2D-FFT 16x16 magnitude + PCA with 0-255 scaling,24,0.692307692307692,0.800904977375566,0.839863739236032,0.209928273731303
FFT2D_16x16_0255,2D-FFT 16x16 magnitude + PCA with 0-255 scaling,25,0.545248868778281,0.656108597285068,0.74780045257777,0.321502373627953
FFT2D_16x16_unique,2D-FFT 16x16 unique magnitude + PCA,1,0.746606334841629,0.782805429864253,0.801050124924805,0.234653375671037
FFT2D_16x16_unique,2D-FFT 16x16 unique magnitude + PCA,2,0.785067873303168,0.778280542986425,0.800214703036752,0.228790249253306
FFT2D_16x16_unique,2D-FFT 16x16 unique magnitude + PCA,3,0.708144796380091,0.81447963800905,0.814079572160978,0.219337269077674
FFT2D_16x16_unique,2D-FFT 16x16 unique magnitude + PCA,4,0.785067873303168,0.782805429864253,0.800607987285436,0.227224191253016
FFT2D_16x16_unique,2D-FFT 16x16 unique magnitude + PCA,5,0.6289592760181,0.796380090497738,0.806013697547116,0.275269982391475
FFT2D_16x16_unique,2D-FFT 16x16 unique magnitude + PCA,6,0.746606334841629,0.778280542986425,0.790512791302265,0.250328619683526
FFT2D_16x16_unique,2D-FFT 16x16 unique magnitude + PCA,7,0.737556561085973,0.787330316742081,0.783906815578642,0.235139460138867
FFT2D_16x16_unique,2D-FFT 16x16 unique magnitude + PCA,8,0.622171945701357,0.683257918552036,0.777336172076379,0.282988673645095
FFT2D_16x16_unique,2D-FFT 16x16 unique magnitude + PCA,9,0.708144796380091,0.769230769230769,0.795355056559755,0.234342764391801
FFT2D_16x16_unique,2D-FFT 16x16 unique magnitude + PCA,10,0.631221719457014,0.751131221719457,0.769761019546281,0.24848560937448
FFT2D_16x16_unique,2D-FFT 16x16 unique magnitude + PCA,11,0.737556561085973,0.796380090497738,0.790505001534413,0.241643237431491
FFT2D_16x16_unique,2D-FFT 16x16 unique magnitude + PCA,12,0.649321266968326,0.755656108597285,0.763042303675296,0.255881426553024
FFT2D_16x16_unique,2D-FFT 16x16 unique magnitude + PCA,13,0.717194570135747,0.755656108597285,0.758814142812662,0.250788234660909
FFT2D_16x16_unique,2D-FFT 16x16 unique magnitude + PCA,14,0.785067873303168,0.787330316742081,0.803549163756024,0.22636526285944
FFT2D_16x16_unique,2D-FFT 16x16 unique magnitude + PCA,15,0.708144796380091,0.81447963800905,0.814079572160978,0.219350579471837
FFT2D_16x16_unique,2D-FFT 16x16 unique magnitude + PCA,16,0.708144796380091,0.81447963800905,0.814079572160978,0.219343206446106
FFT2D_16x16_unique,2D-FFT 16x16 unique magnitude + PCA,17,0.746606334841629,0.778280542986425,0.790512791302265,0.250326609499804
FFT2D_16x16_unique,2D-FFT 16x16 unique magnitude + PCA,18,0.717194570135747,0.755656108597285,0.758814142812662,0.250761984552857
FFT2D_16x16_unique,2D-FFT 16x16 unique magnitude + PCA,19,0.717194570135747,0.764705882352941,0.788605639800916,0.248124182882985
FFT2D_16x16_unique,2D-FFT 16x16 unique magnitude + PCA,20,0.796380090497738,0.805429864253394,0.760915319782102,0.175790643340792
FFT2D_16x16_unique,2D-FFT 16x16 unique magnitude + PCA,21,0.785067873303168,0.782805429864253,0.800607987285436,0.227224587457989
FFT2D_16x16_unique,2D-FFT 16x16 unique magnitude + PCA,22,0.708144796380091,0.773755656108597,0.811506796698612,0.222509062814094
FFT2D_16x16_unique,2D-FFT 16x16 unique magnitude + PCA,23,0.64027149321267,0.760180995475113,0.748741452299092,0.245086388832035
FFT2D_16x16_unique,2D-FFT 16x16 unique magnitude + PCA,24,0.708144796380091,0.769230769230769,0.791231018352672,0.234896745984537
FFT2D_16x16_unique,2D-FFT 16x16 unique magnitude + PCA,25,0.717194570135747,0.755656108597285,0.784760373187483,0.253939349504448
